南湾街道南岭村富源居小区电动车乱停乱放，堵消防通道，特别是晚上完全路，消防通道可是生命通道，消防车的通道如何保障，物业不作为，望督促物业整改,0
所在位置为大朗镇金朗南路，可以看出机动车和非机动车的标牌非常明显，但是电动车总是来和机动车挤，出了事故算谁的，电动车主就是知道没有电子抓拍设备所以敢这样走，所以为了杜绝安全隐患，大朗交警大队看什么时候能安装电子抓拍设备或者有其他更好的方法,1
深圳市宝安区沙井镇松福大道沙井北高速站出入口路段，电动车走机动车道问题严重，非法改装电动车速度很快横穿车流之间，尤其是送外卖电动车，拉客电动车，无牌照电动车走机动车问题严重，疏于防范意识，必须对这种行为加以严重打击，所以对于屡教不改者必须一次重罚,0
这里有闻名中外的六榕寺，游客多。电动车自行车二十四小时逆行，好几次造成行人的受伤。望领导重视！,0
禅城区黎明一路世博嘉园小区，小区物业与居委长期管理不善，每天都有大量电动车自由进出，停放在各楼层大堂出入口附近（特别是下班后到次日早上）。大堂基本没有消防设施，且小区内树木较多。随着天气炎热夜间一旦起火，居民疏散困难，波及范围大。希望能杜绝电动车进入小区的难题。,1
深圳市宝安区沙井镇松福大道沙井北高速站出入口路段，电动车走机动车道问题严重，非法改装电动车速度很快横穿车流之间，尤其是送外卖电动车，拉客电动车，无牌照电动车走机动车问题严重，疏于防范意识，必须对这种行为加以严重打击，所以对于屡教不改者必须一次重罚,1
江城区吉祥西路8号网吧两边被设置共享电动车停放区域，导致两边居民楼出入路口长期被共享电动车阻塞，严重影响市民生活。,0
我是一名长期生活在海珠区的市民。就中大轻纺城及中山大学校园周边的电动自行车违规乱象，提出正式投诉。 目前，在中大轻纺城及中大校园附近区域，电动车的违规行为已经到了令人发指的地步。大量电动车不仅抢占非机动车道，更常常霸占一条甚至两条机动车道，有的甚至在最左侧车道上穿梭，与汽车抢道，造成了极大的交通安全隐患和道路拥堵。本应是行人专属安全通道的人行道，如今却成了电动车的“高速公路”。它们在上面随意穿行、高速飞驰，完全不顾及行人的安危。更有甚者，为了追求速度，私自改装车辆，安装并使用刺眼的巨亮远光灯，夜间骑行时严重影响对向行人和驾驶员的视线，无异于“移动的危险源”，请领导协调解决,0
尊敬的领导您好，广州市天河区 石牌桥 万菱汇 太古汇 岗顶 壬丰大厦 中山三院 天娱广场 附近，有很多违规电动车，包括无牌，假牌，遮挡号码，超标改装，走机动车道，闯红灯，希望相关部门领导能帮忙从严处理一下。,0
深圳市宝安区石岩街道应人石清雅苑后门地下停车场斜坡处，近100辆电动车长期违规乱停放。 影响： 1、导致双车道变单车道； 2、因临近幼儿园，上下学期间人车混杂，不仅影响住户正常通行，还存在严重交通安全隐患。 3、发生火灾严重影响消防车通行救援。,1
所在位置为黄江镇公常路北岸路段，非机动车道那么宽的地方不走，非要来机动车道挤，不碰着好说，碰着了这算谁的责任呢，交警大队是否可以考虑增加电子抓拍设备，为了长远打算，请交警部门能够尽快实施为好或者有更好的解决办法,1
目前生活在宝体附近，行人和机动车肆意闯红灯，不仅是外卖小哥，普通的电动车和自行车很多人也完全无视红绿灯的存在，这给机动车行驶带来了巨大的麻烦，盼解决,1
关于在广州市天河区大观路与大观街交叉口（保利天汇附近）优化人行横道规划、消除交通安全隐患的建议 一、具体位置： 广州市天河区大观路与大观街交叉口 二、问题现状及隐患： 如图所示，该路口目前虽然设置了部分方向的斑马线（如红色箭头所示），但在地图中绿色线段所在的位置完全没有规划斑马线（人行横道）。 绿线所在区域紧邻保利天汇等多个大型住宅区以及商业体，人流量较大。 由于缺少此处的过街斑马线，导致附近居民和商贩经常面临以下困境： 1、需大量绕行极远距离才能横穿路口，极不方便。 2、为图省事，大量行人选择直接从该绿色线段位置（无斑马线且车流较快的大观路侧）违规横穿马路，存在巨大的交通安全隐患。 三、 优化建议： 建议有关部门能够实地勘查此路口，在地图中绿色线段位置（大观路东侧人行道与大观街交汇处）增设人行横道（斑马线）。 如果需要，可同步加装人行过街信号灯（行人红绿灯）及警示标牌，引导行人安全、规范地过街，并减少机动车在此处因避让违规横穿行人而产生的急刹风险。 另：整条大观街轿车、货车随意停靠路边，把大马路当停车场现象非常严重，加上外卖电动车横行马路，有较大安全隐患，并且引起长期的交通拥堵，希望有关部门能增加管理，感谢。,0
该路口没有红绿灯，没有斑马线，行人，骑行电动车进入小区地下停车场中途，很多车没有减速，没有观察行人。 小区生活上千人，其中骑行电动车的数量很多，车流量很大，步行，骑行进出小区地下停车场无路可走，只能等车少才能过，这样很危险。 希望能在和平镇深房天悦湾小区马路对面进入地下停车场的路中间增设红绿灯（简易版可移动红绿灯也行）跟划斑马线。,0
领导你好，已经发现这问题很多年咯，博雅滨江对出的人行横道设计很不合理，每次从体育公园从人行横道过去对面，很多私家车经过都不礼让行人的，而且开的特别快，这样对行人很危险，特别有时候看到那些骑电动车的，一等就等1-2分钟，哪怕人走到中间，那些私家车大部分都不礼让行人，希望能改下。,1
近期关注到我县共享电单车在方便群众短途出行的同时，也出现了投放过剩、乱停乱放等问题，结合其他地区的管理经验和我县实际，特向您提出共享电单车控量及规范管理的相关建议，希望能助力我县城市管理水平提升，让共享电单车真正便民不添堵。 共享电单车是便民短途出行的重要补充，但当前我县行业管理仍存在几处突出短板：一是部分企业超量投放。 二是不同企业运营数据独立，管理部门无法实时掌握车辆分布、淤积情况，调度管理被动； 三是无牌车辆违规上路、乱停乱放后溯源难，企业主体责任难以压实，不仅影响市容秩序，也给交通事故追责、用户权益保障带来隐患。 建议我县从“控总量、强溯源、压责任”出发，由住建部门牵头，引入符合县域管理需求的共享电单车第三方监管平台，要求所有在阳西运营的企业100%接入平台，实时上传全部车辆的投放数量、位置分布、运行轨迹、还车数据等信息，管理端可随时调取全县车辆总量数据，从技术上杜绝企业超量投放、虚报投放量的问题，实现控量底数“一键可查”。,1
湛江市坡头区官渡镇东岸村路口至三角市场路口段，属于G228国道主干道。该路段日常车流量较大，重型货车往来频繁，目前道路施工后由双向两车道缩减为单车道通行。每到上下学、上下班出行高峰时段，电动车与机动车混行拥堵，道路通行秩序混乱，存在安全隐患。 现恳请相关部门可以告知道路施工的具体原因，并明确工程完工恢复正常通行的具体时限。,0
尊敬的领导你好，建议在市内建设电动车专用红绿灯增加电动车专用道左转弯采用 Aued灯光在电动车专用专用车专到到左转弯右转弯的灯光。避免发生车祸。,1
